student_id,district,x,y,gender
S00001,West_3,221.688,645.18,F
S00002,West_1,129.866,391.65,M
S00003,South_5,843.078,123.699,F
S00004,Metro,504.023,446.579,M
S00005,West_3,130.749,701.28,M
S00006,North_4,644.4,764.142,M
S00007,East_3,833.137,526.568,F
S00008,West_4,198.938,746.39,M
S00009,North_5,738.381,847.514,F
S00010,West_2,234.979,492.346,M
S00011,North_3,468.832,863.794,F
S00012,East_1,763.896,222.86,M
S00013,East_5,800.915,794.821,F
S00014,South_5,732.284,147.481,M
S00015,North_2,466.68,827.535,M
S00016,North_1,290.896,839.87,M
S00017,West_4,190.967,766.682,M
S00018,South_1,239.215,155.127,F
S00019,South_1,249.653,157.775,M
S00020,North_2,367.128,839.829,F
S00021,West_3,211.755,661.87,M
S00022,North_2,398.973,739.946,M
S00023,South_1,313.016,195.678,F
S00024,North_4,550.836,841.33,M
S00025,South_5,791.636,106.472,M
S00026,East_4,812.491,638.042,M
S00027,Metro,515.773,477.912,F
S00028,South_5,819.044,77.034,M
S00029,South_3,560.177,146.744,F
S00030,South_1,271.002,81.192,F
S00031,North_4,605.734,933.388,M
S00032,West_1,205.81,380.955,M
S00033,North_2,322.244,815.68,M
S00034,East_3,840.078,495.617,M
S00035,Metro,446.396,474.909,M
S00036,East_3,802.936,553.953,F
S00037,Metro,520.245,568.491,M
S00038,South_1,339.103,197.487,F
S00039,South_2,410.205,162.537,F
S00040,East_3,835.942,517.037,M
S00041,East_1,883.07,325.831,M
S00042,West_4,162.007,799.275,F
S00043,East_3,920.349,519.747,M
S00044,East_4,721.803,604.924,M
S00045,Metro,514.813,516.652,M
S00046,West_1,170.493,390.338,M
S00047,East_5,873.346,816.13,F
S00048,East_1,854.307,393.335,M
S00049,North_2,377.877,836.731,M
S00050,South_2,495.581,272.081,M
S00051,West_1,104.943,344.832,M
S00052,North_3,589.898,831.659,M
S00053,East_2,850.146,358.728,M
S00054,South_4,681.389,191.135,M
S00055,West_4,188.464,813.029,M
S00056,South_3,439.697,116.298,M
S00057,Metro,502.231,526.706,M
S00058,West_4,252.612,791.401,F
S00059,West_2,123.047,535.289,M
S00060,South_1,300.008,129.066,M
S00061,West_3,164.283,721.638,F
S00062,South_3,564.078,67.676,M
S00063,North_1,309.041,892.607,M
S00064,Metro,488.271,563.378,F
S00065,East_4,842.404,606.43,M
S00066,North_3,552.738,849.781,F
S00067,North_1,260.951,831.366,F
S00068,South_4,662.201,177.794,M
S00069,South_1,294.33,147.469,M
S00070,South_3,585.16,178.297,F
S00071,East_3,842.979,505.136,F
S00072,East_1,835.056,260.342,F
S00073,East_2,843.78,472.152,F
S00074,East_4,870.973,604.322,F
S00075,South_4,659.232,146.877,M
S00076,South_4,582.49,148.391,F
S00077,South_5,730.746,101.932,M
S00078,East_4,806.0,704.956,F
S00079,North_2,441.441,810.219,F
S00080,North_5,758.144,864.501,M
S00081,Metro,441.082,450.459,F
S00082,South_4,619.711,158.459,F
S00083,East_1,857.484,360.699,M
S00084,West_4,239.913,707.984,F
S00085,North_5,778.155,789.539,F
S00086,North_2,410.44,907.398,F
S00087,North_3,470.975,867.203,F
S00088,Metro,548.106,460.924,F
S00089,West_3,58.32,611.561,F
S00090,South_5,755.962,63.875,F
S00091,West_1,87.388,351.57,F
S00092,South_5,747.53,117.962,F
S00093,South_2,386.218,173.869,M
S00094,South_3,542.905,175.581,F
S00095,South_4,595.007,167.657,M
S00096,West_3,90.734,689.358,M
S00097,West_3,154.307,596.182,M
S00098,Metro,486.546,542.671,F
S00099,East_2,812.219,329.657,M
S00100,East_1,847.548,346.352,F
S00101,South_2,390.274,138.66,M
S00102,West_3,260.643,578.758,M
S00103,West_4,124.388,743.773,M
S00104,East_4,852.955,677.713,M
S00105,South_1,271.851,193.819,F
S00106,West_1,95.503,411.742,F
S00107,South_1,302.75,154.382,M
S00108,Metro,461.679,552.772,M
S00109,West_1,178.517,350.657,M
S00110,East_3,858.666,575.844,M
S00111,East_2,833.95,478.369,F
S00112,North_4,581.623,773.383,M
S00113,West_2,200.032,533.281,M
S00114,Metro,412.632,454.932,F
S00115,South_4,636.099,162.539,M
S00116,North_3,537.347,768.174,M
S00117,West_2,168.07,494.754,F
S00118,East_4,878.983,667.285,M
S00119,West_3,159.33,620.904,F
S00120,East_4,853.48,577.911,F
S00121,North_4,575.362,811.113,F
S00122,South_5,782.621,96.404,F
S00123,West_3,159.308,623.252,F
S00124,South_1,234.731,163.588,F
S00125,South_2,370.127,181.427,F
S00126,North_5,767.152,815.792,F
S00127,East_2,790.856,406.944,M
S00128,East_5,779.373,760.437,F
S00129,East_4,740.273,644.603,M
S00130,South_2,382.279,198.992,F
S00131,South_5,708.513,140.853,F
S00132,South_3,488.105,161.035,M
S00133,North_3,533.016,876.247,M
S00134,North_4,637.41,783.888,F
S00135,Metro,518.716,467.249,F
S00136,North_4,695.401,824.938,F
S00137,North_1,330.233,867.566,M
S00138,East_4,820.367,619.066,M
S00139,East_2,772.4,419.267,M
S00140,Metro,498.606,589.504,M
S00141,West_2,165.67,510.314,M
S00142,North_4,681.163,718.176,M
S00143,Metro,556.289,551.837,M
S00144,West_1,78.099,427.199,F
S00145,West_3,188.341,637.595,M
S00146,East_3,848.199,415.932,M
S00147,East_3,853.298,543.44,M
S00148,North_4,642.934,821.497,F
S00149,East_5,843.614,757.179,F
S00150,East_5,840.588,707.636,M
S00151,Metro,514.841,438.74,M
S00152,South_4,577.535,162.038,F
S00153,West_3,174.424,651.758,F
S00154,East_3,900.621,434.398,F
S00155,North_3,498.765,790.314,F
S00156,East_1,836.585,295.718,M
S00157,West_4,174.06,719.062,M
S00158,North_2,493.124,799.718,M
S00159,Metro,483.269,468.505,M
S00160,West_1,174.658,408.537,F
S00161,West_4,204.916,834.261,F
S00162,Metro,454.712,508.636,F
S00163,East_4,845.217,608.618,F
S00164,South_1,372.636,122.156,M
S00165,South_5,739.317,186.545,F
S00166,West_3,150.98,638.075,F
S00167,South_4,656.3,219.409,F
S00168,East_3,856.905,494.699,M
S00169,Metro,435.54,526.408,M
S00170,North_1,239.8,796.201,M
S00171,South_2,455.908,183.954,M
S00172,Metro,542.757,473.957,M
S00173,East_4,879.312,726.073,F
S00174,East_1,842.478,379.462,F
S00175,South_1,253.01,135.987,M
S00176,West_3,136.948,718.424,F
S00177,South_3,533.33,115.51,M
S00178,South_1,277.026,207.077,F
S00179,West_3,101.102,657.069,F
S00180,East_2,772.229,396.631,F
S00181,West_3,183.001,635.994,F
S00182,North_5,757.149,841.729,F
S00183,East_5,871.729,713.816,M
S00184,East_1,906.727,307.254,F
S00185,West_3,184.107,605.544,F
S00186,North_1,351.193,926.655,M
S00187,North_2,416.949,785.377,F
S00188,East_4,872.522,569.371,F
S00189,Metro,434.25,432.746,F
S00190,West_3,166.513,643.789,F
S00191,Metro,499.025,452.001,M
S00192,West_1,144.083,340.151,M
S00193,East_5,866.344,747.126,M
S00194,South_2,392.169,197.866,F
S00195,East_2,827.252,383.505,M
S00196,East_3,804.526,570.902,F
S00197,West_4,211.136,819.175,F
S00198,South_5,706.921,66.514,F
S00199,West_4,168.407,756.294,F
S00200,Metro,537.828,497.059,F
S00201,East_5,818.227,765.225,F
S00202,West_3,184.565,667.391,F
S00203,East_2,857.604,408.272,F
S00204,South_1,232.317,122.439,M
S00205,West_4,177.418,694.924,F
S00206,West_1,160.09,440.348,M
S00207,East_4,770.892,593.364,M
S00208,East_3,908.294,487.995,F
S00209,West_2,221.937,508.923,M
S00210,North_2,389.121,891.68,M
S00211,North_5,775.928,765.382,F
S00212,East_1,927.56,251.152,F
S00213,West_4,290.575,739.552,F
S00214,West_1,138.224,378.891,M
S00215,North_3,612.287,836.351,F
S00216,Metro,514.442,459.557,F
S00217,North_1,246.738,843.711,F
S00218,East_3,901.952,429.033,M
S00219,East_4,758.441,651.152,F
S00220,West_4,182.91,796.0,F
S00221,West_4,165.152,823.644,M
S00222,North_1,440.233,889.59,M
S00223,North_3,543.454,839.191,F
S00224,South_3,591.005,128.269,F
S00225,East_3,841.277,432.341,M
S00226,West_3,70.442,569.279,F
S00227,North_1,261.537,890.398,M
S00228,West_3,205.551,680.017,F
S00229,North_2,390.866,936.621,F
S00230,North_2,425.161,882.467,M
S00231,North_2,342.418,936.757,M
S00232,North_2,412.916,789.477,M
S00233,West_2,188.279,577.21,M
S00234,South_1,427.581,136.65,F
S00235,West_2,249.602,557.526,M
S00236,North_1,303.247,822.868,F
S00237,North_1,292.741,878.321,F
S00238,East_1,853.606,243.84,F
S00239,East_1,896.252,328.716,M
S00240,East_5,910.447,719.199,F
S00241,South_5,770.537,146.427,F
S00242,West_3,130.757,649.612,F
S00243,North_2,463.842,849.949,M
S00244,North_3,482.597,812.959,F
S00245,South_3,494.208,128.39,F
S00246,North_3,498.718,770.924,M
S00247,South_4,675.478,149.926,F
S00248,South_4,635.023,141.36,F
S00249,East_4,801.767,658.394,F
S00250,North_2,419.785,802.662,M
S00251,West_1,133.449,377.048,M
S00252,East_3,817.729,509.812,M
S00253,South_4,715.069,103.606,F
S00254,West_3,128.611,523.667,F
S00255,South_3,497.532,135.364,F
S00256,North_5,822.612,909.671,F
S00257,North_3,519.247,886.706,F
S00258,West_3,232.064,626.763,M
S00259,East_3,817.127,467.082,M
S00260,North_4,628.67,783.007,F
S00261,South_3,535.454,172.735,F
S00262,North_2,403.182,699.97,M
S00263,West_1,160.205,405.835,F
S00264,North_4,624.949,856.9,M
S00265,West_4,222.16,842.526,M
S00266,East_4,810.826,705.637,F
S00267,East_3,828.091,541.101,M
S00268,South_3,576.972,193.487,F
S00269,East_1,843.601,324.648,M
S00270,North_1,285.158,884.396,M
S00271,West_1,144.418,382.057,F
S00272,West_1,169.811,399.305,M
S00273,East_1,895.77,224.406,M
S00274,South_4,637.592,131.883,F
S00275,West_4,218.162,735.096,F
S00276,East_5,835.65,766.006,M
S00277,Metro,551.519,596.383,F
S00278,West_3,166.925,630.663,M
S00279,South_1,248.5,120.951,F
S00280,West_3,149.161,608.161,M
S00281,North_2,372.939,778.896,M
S00282,West_4,137.586,838.862,M
S00283,North_5,773.07,878.737,M
S00284,West_1,134.279,336.708,F
S00285,South_5,700.456,126.909,F
S00286,West_3,132.051,621.544,M
S00287,South_5,700.557,91.004,M
S00288,South_3,569.742,172.511,M
S00289,North_2,418.83,804.336,M
S00290,East_3,804.89,522.773,M
S00291,South_5,778.994,89.194,F
S00292,East_3,741.813,524.028,F
S00293,North_3,558.262,830.554,M
S00294,East_1,870.877,325.014,F
S00295,Metro,438.967,490.699,F
S00296,South_3,515.533,195.154,F
S00297,East_4,880.125,660.529,F
S00298,North_2,466.178,857.924,F
S00299,South_1,364.241,56.644,M
S00300,South_2,388.432,167.655,F
S00301,South_2,373.102,124.925,M
S00302,East_3,890.833,510.29,F
S00303,East_4,808.861,660.729,M
S00304,East_4,782.194,659.742,F
S00305,South_2,449.23,167.571,F
S00306,North_4,666.112,819.996,F
S00307,West_3,212.17,685.853,M
S00308,East_4,864.531,596.242,F
S00309,North_4,669.106,882.717,M
S00310,East_5,896.23,766.612,M
S00311,Metro,442.245,451.856,F
S00312,North_5,762.944,971.549,F
S00313,West_4,203.351,843.624,F
S00314,South_5,746.247,193.263,F
S00315,Metro,533.007,426.146,M
S00316,West_3,198.764,656.586,F
S00317,East_2,889.566,462.293,M
S00318,South_1,297.957,114.204,M
S00319,West_3,232.902,693.872,F
S00320,West_4,222.215,760.288,F
S00321,East_1,867.96,439.648,F
S00322,North_5,746.401,873.672,F
S00323,West_2,204.015,528.153,F
S00324,East_5,900.264,808.877,F
S00325,East_3,862.317,520.085,M
S00326,West_3,80.847,618.104,F
S00327,North_3,515.967,892.008,M
S00328,North_5,714.627,806.846,M
S00329,North_3,575.192,820.957,M
S00330,East_4,756.164,607.45,F
S00331,South_4,614.932,157.953,F
S00332,North_4,613.067,772.285,F
S00333,North_2,357.171,811.272,M
S00334,South_4,577.175,191.929,F
S00335,South_1,373.911,158.081,F
S00336,North_5,743.398,837.432,F
S00337,North_3,500.476,887.749,M
S00338,West_3,99.512,523.965,F
S00339,East_4,826.123,624.951,F
S00340,North_1,318.851,930.982,M
S00341,South_2,393.284,222.16,F
S00342,South_1,295.606,120.699,F
S00343,West_3,212.774,659.443,F
S00344,North_3,461.207,924.65,F
S00345,West_4,88.111,859.339,F
S00346,East_5,800.949,814.516,F
S00347,West_2,177.381,481.941,M
S00348,East_2,812.046,426.575,F
S00349,South_2,372.097,151.496,F
S00350,South_3,612.707,173.908,F
S00351,East_3,796.018,550.55,M
S00352,North_2,382.232,787.482,M
S00353,Metro,538.399,548.103,F
S00354,North_1,366.266,887.034,F
S00355,South_3,535.97,146.395,M
S00356,East_4,861.183,626.282,M
S00357,East_2,775.436,401.656,F
S00358,South_1,350.535,198.007,F
S00359,East_1,874.284,283.356,F
S00360,East_5,868.669,815.384,F
S00361,North_5,766.613,868.294,M
S00362,West_4,161.845,786.522,F
S00363,East_4,805.699,584.96,F
S00364,West_4,222.213,722.932,M
S00365,West_2,157.144,498.741,M
S00366,West_2,184.373,552.345,F
S00367,East_2,764.823,469.569,M
S00368,East_3,888.17,544.96,F
S00369,East_1,865.065,211.817,M
S00370,North_3,517.778,871.122,F
S00371,East_5,803.354,831.495,M
S00372,West_1,186.655,398.561,M
S00373,West_3,111.927,635.651,M
S00374,South_2,399.518,139.874,F
S00375,West_3,149.757,703.894,F
S00376,North_3,506.893,907.536,M
S00377,East_3,830.888,511.617,F
S00378,West_3,72.575,607.291,M
S00379,North_2,483.264,795.453,F
S00380,East_4,824.968,593.549,M
S00381,East_1,829.043,268.327,F
S00382,South_5,778.043,85.6,F
S00383,South_5,745.069,125.541,F
S00384,South_5,772.513,208.926,F
S00385,West_3,93.523,761.37,F
S00386,Metro,529.487,531.705,M
S00387,South_2,375.28,187.424,M
S00388,North_3,628.074,888.925,F
S00389,South_1,312.594,130.122,F
S00390,Metro,494.732,471.28,M
S00391,East_1,802.338,290.114,F
S00392,East_1,892.973,319.115,F
S00393,Metro,509.122,540.982,M
S00394,South_1,224.177,100.212,F
S00395,South_1,316.433,151.102,M
S00396,West_4,169.231,704.307,F
S00397,North_1,349.847,873.263,F
S00398,East_2,867.72,433.763,F
S00399,West_3,105.791,596.757,M
S00400,Metro,437.047,549.529,F
S00401,East_2,803.317,428.779,F
S00402,East_1,878.448,301.861,F
S00403,West_2,154.631,496.903,M
S00404,South_2,389.684,162.522,F
S00405,East_3,801.329,522.531,F
S00406,East_5,829.527,833.75,F
S00407,South_2,446.066,209.686,F
S00408,West_2,169.393,432.138,M
S00409,East_3,848.599,590.391,M
S00410,East_5,831.187,741.214,F
S00411,North_4,635.194,809.664,M
S00412,North_4,596.301,836.973,F
S00413,East_5,789.279,796.49,F
S00414,West_3,148.566,623.926,M
S00415,East_1,707.072,235.476,F
S00416,East_1,844.178,320.555,F
S00417,East_2,779.354,329.14,F
S00418,East_3,867.015,556.654,F
S00419,North_5,792.279,848.593,F
S00420,East_5,835.877,706.488,F
S00421,South_3,598.308,117.563,F
S00422,South_1,244.567,124.908,F
S00423,West_2,258.034,477.121,F
S00424,North_1,312.545,849.94,F
S00425,East_4,819.478,608.777,F
S00426,Metro,491.886,476.931,M
S00427,North_5,728.27,806.499,M
S00428,North_2,348.818,857.07,M
S00429,East_5,930.539,843.407,M
S00430,South_4,724.786,143.33,F
S00431,East_4,821.375,602.993,F
S00432,East_4,836.313,629.349,M
S00433,East_2,802.229,305.79,M
S00434,South_4,694.868,90.596,M
S00435,Metro,458.012,531.734,F
S00436,West_4,238.202,783.393,M
S00437,Metro,474.775,542.627,F
S00438,West_4,215.452,819.808,F
S00439,North_4,660.362,837.423,F
S00440,East_4,818.514,632.568,F
S00441,West_2,111.039,468.716,M
S00442,East_3,825.465,489.875,F
S00443,East_1,912.243,329.702,M
S00444,Metro,395.596,514.89,M
S00445,South_1,301.844,225.026,F
S00446,South_2,408.843,173.274,F
S00447,East_5,875.876,763.589,F
S00448,North_4,600.151,726.183,F
S00449,East_5,786.165,673.151,F
S00450,East_3,859.645,548.645,M
S00451,South_5,798.42,146.95,F
S00452,West_1,176.989,280.347,M
S00453,East_5,789.736,710.157,F
S00454,East_1,790.101,371.682,M
S00455,North_2,358.972,804.249,M
S00456,North_4,669.661,781.505,M
S00457,East_5,758.901,761.757,F
S00458,West_2,128.295,515.576,F
S00459,East_2,757.276,385.712,F
S00460,East_5,789.226,805.395,M
S00461,East_2,859.698,421.612,M
S00462,East_2,908.628,445.255,F
S00463,North_1,230.254,896.738,F
S00464,South_3,563.091,119.023,F
S00465,South_3,497.82,89.57,M
S00466,East_4,803.736,663.058,F
S00467,East_1,850.571,263.367,M
S00468,West_1,199.724,353.239,F
S00469,East_1,870.095,264.605,F
S00470,North_4,674.61,905.033,M
S00471,North_1,261.753,802.468,M
S00472,North_5,810.096,879.79,F
S00473,East_3,850.887,511.392,M
S00474,South_4,643.094,211.345,M
S00475,North_3,557.843,853.654,F
S00476,East_2,831.731,327.713,M
S00477,South_2,451.093,231.798,M
S00478,South_4,630.966,236.686,M
S00479,East_3,807.763,548.251,F
S00480,Metro,462.528,430.456,F
S00481,East_5,823.141,775.71,M
S00482,West_1,63.656,374.501,F
S00483,West_3,180.919,679.527,M
S00484,East_2,876.274,398.452,M
S00485,South_4,638.735,220.273,M
S00486,West_4,191.361,763.756,M
S00487,North_2,366.045,862.773,M
S00488,West_3,178.872,710.533,M
S00489,South_5,782.623,120.389,M
S00490,North_5,782.238,923.824,F
S00491,West_4,156.482,713.862,F
S00492,West_4,106.343,754.999,F
S00493,South_5,732.034,118.918,F
S00494,East_1,834.498,295.351,F
S00495,West_1,137.048,387.42,F
S00496,South_4,610.599,167.816,M
S00497,North_1,238.71,835.406,F
S00498,South_2,420.792,210.695,M
S00499,East_1,816.423,238.535,F
S00500,West_1,78.023,365.155,F
S00501,South_5,750.47,108.314,M
S00502,East_5,754.895,762.362,M
S00503,East_1,864.389,280.012,M
S00504,West_1,76.254,405.26,M
S00505,North_2,428.418,845.698,F
S00506,South_3,475.753,104.998,F
S00507,East_4,875.2,645.474,F
S00508,North_1,259.545,848.371,F
S00509,North_1,321.042,792.857,M
S00510,North_3,546.015,869.537,M
S00511,East_3,854.36,567.095,F
S00512,North_2,458.258,807.382,M
S00513,Metro,510.322,567.525,M
S00514,East_4,867.773,580.919,M
S00515,South_4,603.334,215.68,M
S00516,East_5,930.471,798.165,F
S00517,East_2,832.642,394.313,M
S00518,North_5,811.217,814.839,F
S00519,South_1,355.732,118.65,F
S00520,West_4,169.274,775.477,F
S00521,North_1,301.678,879.208,F
S00522,Metro,482.334,555.222,F
S00523,East_4,777.145,628.835,M
S00524,West_2,173.232,483.119,F
S00525,North_2,330.672,853.1,F
S00526,East_3,809.294,485.28,F
S00527,North_1,274.417,994.424,F
S00528,North_5,713.741,840.718,M
S00529,East_5,844.861,738.874,F
S00530,West_2,175.723,481.879,M
S00531,South_3,530.505,124.538,F
S00532,South_2,413.602,182.85,F
S00533,South_5,756.489,129.154,M
S00534,North_4,585.688,838.084,F
S00535,North_3,573.371,885.535,F
S00536,West_3,196.37,643.603,M
S00537,East_5,723.549,703.397,M
S00538,East_2,841.325,448.55,M
S00539,South_1,292.083,175.107,M
S00540,South_4,594.45,204.632,M
S00541,South_3,592.523,125.317,F
S00542,East_3,862.182,545.165,F
S00543,North_1,226.51,907.651,F
S00544,West_2,160.53,535.659,M
S00545,South_2,354.708,138.098,F
S00546,South_2,525.539,153.85,F
S00547,West_1,70.844,272.566,M
S00548,South_2,395.05,257.577,F
S00549,North_3,469.511,831.462,M
S00550,East_5,749.186,720.546,F
S00551,Metro,520.178,577.875,M
S00552,West_2,193.062,455.723,F
S00553,North_3,513.807,887.471,M
S00554,East_5,859.288,737.888,F
S00555,East_2,720.339,388.139,F
S00556,East_2,830.75,368.904,M
S00557,North_3,525.739,921.52,M
S00558,East_4,944.067,675.451,F
S00559,Metro,460.628,569.946,M
S00560,North_1,292.047,908.721,M
S00561,South_5,694.998,198.922,M
S00562,South_3,545.897,153.251,F
S00563,West_4,252.843,823.609,M
S00564,South_3,481.495,215.719,F
S00565,South_3,583.877,191.448,F
S00566,South_2,384.52,257.979,M
S00567,North_1,283.044,873.058,M
S00568,Metro,496.762,445.885,M
S00569,South_2,365.158,202.364,F
S00570,East_3,880.628,585.667,F
S00571,North_1,272.509,835.395,F
S00572,South_4,631.429,150.68,M
S00573,East_2,837.088,356.843,F
S00574,South_2,376.136,189.253,F
S00575,East_1,816.069,248.473,F
S00576,East_3,804.801,596.022,M
S00577,West_2,169.676,463.624,M
S00578,East_4,807.153,670.64,M
S00579,North_4,621.275,769.549,F
S00580,East_3,812.922,503.625,F
S00581,East_4,797.455,579.263,M
S00582,East_2,795.309,411.609,F
S00583,West_3,84.06,578.537,M
S00584,South_5,769.97,191.687,F
S00585,South_4,569.276,183.68,F
S00586,East_1,864.781,300.593,M
S00587,South_2,401.308,235.212,M
S00588,West_2,109.053,468.954,F
S00589,East_2,836.788,424.468,F
S00590,East_2,823.241,334.044,F
S00591,East_2,840.876,408.657,M
S00592,South_2,459.186,179.788,F
S00593,West_3,226.979,686.83,M
S00594,West_1,156.727,441.827,F
S00595,West_3,113.391,609.613,M
S00596,West_2,211.646,424.977,F
S00597,East_1,832.58,279.378,F
S00598,South_1,285.33,238.387,M
S00599,North_3,525.027,808.655,M
S00600,Metro,515.728,482.616,M
S00601,South_1,274.704,67.973,F
S00602,East_1,823.529,278.356,F
S00603,South_3,596.22,186.58,M
S00604,South_4,639.914,110.68,F
S00605,South_5,695.735,154.46,M
S00606,West_1,85.778,377.158,F
S00607,West_3,162.828,596.538,F
S00608,West_2,140.285,501.319,F
S00609,South_2,358.68,152.648,F
S00610,West_2,240.021,452.93,M
S00611,North_3,535.55,806.203,M
S00612,Metro,527.157,541.618,F
S00613,North_5,745.992,832.824,F
S00614,North_4,672.843,805.227,F
S00615,South_1,227.523,220.208,M
S00616,North_2,358.994,768.605,M
S00617,South_4,656.912,190.912,M
S00618,South_5,776.659,173.863,F
S00619,North_1,267.195,776.851,F
S00620,East_5,822.868,759.532,M
S00621,West_1,181.214,383.414,F
S00622,North_3,536.056,780.544,M
S00623,East_4,812.512,624.803,M
S00624,East_3,876.507,560.91,M
S00625,East_3,881.921,562.735,F
S00626,West_3,167.711,650.729,M
S00627,East_3,768.702,602.02,F
S00628,West_2,180.9,564.724,M
S00629,East_2,770.206,373.818,M
S00630,West_3,129.246,608.01,M
S00631,West_1,145.745,374.462,M
S00632,East_1,895.212,329.451,M
S00633,East_1,986.185,276.495,F
S00634,North_3,562.413,810.244,F
S00635,East_2,843.687,454.921,M
S00636,North_1,326.98,869.447,M
S00637,Metro,542.998,485.634,F
S00638,East_3,808.371,524.693,F
S00639,North_2,349.372,805.821,F
S00640,North_2,499.132,868.289,M
S00641,East_2,770.633,450.459,M
S00642,South_2,307.04,222.658,M
S00643,North_2,451.169,844.773,F
S00644,East_3,917.706,547.588,M
S00645,North_3,506.706,787.46,M
S00646,East_1,823.996,339.586,F
S00647,North_4,694.789,876.135,F
S00648,West_1,221.181,425.227,F
S00649,West_2,177.749,516.194,M
S00650,East_1,839.836,293.971,M
S00651,South_3,524.326,170.961,M
S00652,North_5,741.515,854.252,M
S00653,South_1,251.472,157.804,M
S00654,North_4,651.702,817.022,F
S00655,North_5,756.093,955.117,F
S00656,South_1,333.365,170.433,M
S00657,North_4,682.538,700.287,F
S00658,North_2,374.225,827.974,F
S00659,South_2,404.621,178.136,M
S00660,South_2,425.88,107.911,M
S00661,South_5,710.994,121.412,M
S00662,West_1,73.175,336.862,M
S00663,North_1,267.322,872.556,F
S00664,East_4,817.827,634.141,F
S00665,North_1,246.869,781.925,F
S00666,North_3,492.389,848.818,F
S00667,Metro,524.571,495.721,F
S00668,North_2,494.498,774.424,F
S00669,East_5,770.147,842.57,M
S00670,East_2,755.955,407.815,F
S00671,North_2,366.215,800.124,M
S00672,North_5,752.299,894.051,F
S00673,East_5,851.381,715.792,F
S00674,North_5,777.828,846.547,M
S00675,North_4,665.831,863.289,F
S00676,North_3,476.441,915.001,F
S00677,South_2,407.858,202.644,M
S00678,West_2,156.518,566.247,M
S00679,North_5,770.827,835.007,M
S00680,Metro,488.667,508.65,F
S00681,South_1,306.289,149.338,F
S00682,West_3,96.602,620.413,M
S00683,South_5,763.204,126.707,M
S00684,North_2,416.168,788.693,M
S00685,West_2,135.897,545.66,M
S00686,East_2,815.437,492.244,M
S00687,Metro,520.91,561.387,M
S00688,North_2,456.98,752.954,M
S00689,North_1,268.524,861.622,F
S00690,West_2,171.301,506.748,F
S00691,North_4,646.37,848.26,F
S00692,South_5,791.932,199.924,M
S00693,East_4,726.825,640.649,F
S00694,North_2,405.452,844.024,M
S00695,East_4,829.955,607.421,M
S00696,Metro,508.455,458.402,F
S00697,South_3,488.683,134.107,F
S00698,North_4,626.73,848.724,F
S00699,North_2,465.175,817.061,M
S00700,Metro,553.215,538.732,F
S00701,East_1,873.845,223.902,M
S00702,East_2,864.361,405.149,M
S00703,North_4,571.868,775.234,F
S00704,West_4,248.789,792.32,M
S00705,East_2,870.65,533.892,F
S00706,East_2,825.645,421.175,M
S00707,North_5,765.714,908.968,M
S00708,South_2,348.534,126.401,F
S00709,East_5,930.729,712.609,F
S00710,North_2,452.126,876.262,M
S00711,West_1,200.904,286.577,M
S00712,South_3,567.184,133.885,M
S00713,South_2,355.9,290.25,F
S00714,West_2,243.154,484.065,M
S00715,East_5,767.602,719.134,F
S00716,North_5,731.308,840.183,F
S00717,West_1,142.228,387.056,M
S00718,Metro,542.551,485.789,M
S00719,North_4,605.979,894.452,M
S00720,East_4,861.815,672.062,F
S00721,West_1,159.637,487.53,M
S00722,East_4,901.323,620.789,F
S00723,South_5,751.746,183.942,M
S00724,South_3,541.561,80.091,M
S00725,South_3,512.041,32.042,F
S00726,East_1,814.089,334.046,M
S00727,West_3,164.244,582.626,M
S00728,North_4,717.843,858.871,F
S00729,North_1,293.521,876.115,F
S00730,North_4,588.215,871.488,M
S00731,South_2,504.777,171.207,M
S00732,South_4,604.981,129.409,F
S00733,North_4,664.555,838.138,M
S00734,South_4,543.297,145.793,F
S00735,East_4,814.07,659.319,F
S00736,East_2,833.905,388.045,F
S00737,North_1,366.473,898.878,F
S00738,North_5,782.185,859.435,F
S00739,Metro,478.011,503.685,F
S00740,South_5,782.886,128.335,F
S00741,North_4,672.503,791.523,F
S00742,North_1,262.305,868.007,F
S00743,East_2,860.444,466.507,M
S00744,North_2,378.768,866.715,M
S00745,East_2,864.89,340.042,F
S00746,Metro,459.316,402.529,M
S00747,South_5,840.445,196.246,M
S00748,East_1,920.498,247.699,M
S00749,North_3,526.252,827.303,M
S00750,Metro,508.394,478.186,F
S00751,North_2,397.671,792.406,M
S00752,West_3,145.1,738.816,M
S00753,North_2,356.509,800.222,F
S00754,East_1,861.158,291.47,F
S00755,North_3,559.309,902.0,M
S00756,Metro,480.825,492.032,F
S00757,West_3,217.327,576.884,F
S00758,South_3,463.586,155.578,M
S00759,North_4,588.8,855.757,F
S00760,North_1,326.048,829.174,M
S00761,North_2,374.839,825.519,F
S00762,North_1,310.711,820.137,F
S00763,West_3,193.004,586.828,M
S00764,North_3,573.054,847.147,F
S00765,South_1,238.849,182.369,M
S00766,South_5,794.376,126.187,F
S00767,West_1,206.058,298.15,M
S00768,North_2,398.506,775.732,M
S00769,North_4,661.325,798.724,M
S00770,South_1,198.093,177.2,M
S00771,South_1,318.785,102.216,M
S00772,East_5,857.639,807.062,F
S00773,North_4,681.092,776.506,F
S00774,South_3,543.22,120.332,M
S00775,South_1,274.696,167.548,M
S00776,West_3,109.3,585.878,F
S00777,East_4,730.319,632.499,M
S00778,South_5,773.703,170.506,M
S00779,North_5,671.295,787.208,F
S00780,South_4,610.261,209.193,F
S00781,North_5,737.439,906.668,F
S00782,East_3,1000,533.026,F
S00783,East_2,789.503,389.617,M
S00784,South_5,736.32,181.012,F
S00785,West_3,145.037,710.739,F
S00786,North_4,606.834,816.382,M
S00787,West_2,199.684,442.347,F
S00788,East_5,843.212,690.38,F
S00789,South_1,256.099,171.845,M
S00790,East_3,937.757,522.271,F
S00791,East_5,864.617,809.822,F
S00792,West_4,154.758,732.78,M
S00793,West_3,170.304,620.073,M
S00794,South_5,750.875,77.79,M
S00795,Metro,552.973,461.305,M
S00796,South_3,523.598,111.48,F
S00797,South_3,481.85,124.272,M
S00798,South_5,794.781,105.666,M
S00799,South_5,762.762,171.369,F
S00800,East_1,777.189,342.275,M
S00801,North_3,539.184,898.934,F
S00802,North_3,543.418,833.407,M
S00803,East_1,835.916,274.412,M
S00804,North_1,283.783,930.327,M
S00805,East_2,862.944,476.22,M
S00806,North_3,481.406,874.285,F
S00807,Metro,490.727,508.352,M
S00808,West_1,240.308,330.7,M
S00809,North_1,368.168,856.896,M
S00810,East_5,841.79,774.61,F
S00811,East_1,849.29,310.519,M
S00812,South_2,391.58,250.222,F
S00813,South_4,630.67,157.76,F
S00814,South_3,566.298,251.365,F
S00815,North_1,315.931,983.601,M
S00816,West_1,126.854,345.374,F
S00817,East_5,866.418,712.876,F
S00818,West_1,106.783,317.784,M
S00819,East_4,814.882,632.613,M
S00820,South_4,598.64,218.716,F
S00821,East_5,873.898,820.81,M
S00822,South_2,375.049,123.632,F
S00823,East_3,840.716,480.347,M
S00824,East_1,827.898,270.278,M
S00825,East_1,794.536,245.615,M
S00826,South_3,502.557,164.291,F
S00827,West_4,160.498,732.322,M
S00828,North_1,248.647,768.596,F
S00829,North_4,685.478,848.895,M
S00830,West_4,149.368,740.847,F
S00831,South_1,373.38,175.511,M
S00832,West_3,106.82,692.053,F
S00833,West_1,212.715,402.62,M
S00834,North_1,336.908,904.63,F
S00835,South_3,466.991,173.937,M
S00836,South_3,512.828,168.474,F
S00837,Metro,493.925,544.007,F
S00838,West_2,132.302,435.339,M
S00839,North_3,506.219,729.215,M
S00840,North_3,568.834,827.653,F
S00841,North_4,609.13,849.08,M
S00842,West_3,202.865,590.326,M
S00843,South_5,661.178,157.015,F
S00844,North_1,292.151,893.983,M
S00845,Metro,480.264,464.182,M
S00846,South_4,632.456,128.946,F
S00847,North_4,683.87,735.789,M
S00848,North_1,343.933,833.595,F
S00849,West_3,162.105,627.014,F
S00850,South_2,392.318,211.74,M
S00851,East_2,760.022,467.297,M
S00852,South_5,770.531,103.459,F
S00853,South_5,793.769,185.819,M
S00854,North_3,476.06,885.059,M
S00855,West_3,180.01,528.329,F
S00856,West_4,119.353,754.954,F
S00857,Metro,490.176,511.38,M
S00858,West_3,112.142,706.886,F
S00859,East_5,822.733,792.4,M
S00860,West_1,157.262,400.478,F
S00861,East_2,805.018,425.192,M
S00862,East_1,887.335,228.296,F
S00863,North_3,502.752,836.394,F
S00864,North_5,768.212,828.889,F
S00865,North_3,436.642,907.652,M
S00866,West_1,87.203,380.184,M
S00867,Metro,573.438,502.002,F
S00868,West_3,96.686,645.739,M
S00869,East_5,893.169,828.365,M
S00870,South_3,449.819,94.983,F
S00871,South_4,586.472,136.285,M
S00872,South_1,411.339,122.913,F
S00873,West_2,219.5,546.651,F
S00874,West_3,112.687,628.442,M
S00875,North_5,728.496,828.772,F
S00876,West_4,227.623,832.45,M
S00877,East_1,841.391,257.705,M
S00878,West_1,94.996,337.305,F
S00879,East_4,863.69,605.609,F
S00880,West_2,169.922,498.551,M
S00881,North_2,443.247,832.35,M
S00882,Metro,489.709,476.863,M
S00883,East_5,833.922,827.311,M
S00884,South_3,465.473,168.274,M
S00885,West_1,119.28,347.552,F
S00886,East_5,897.21,767.835,F
S00887,Metro,538.518,494.103,M
S00888,North_1,294.472,917.645,F
S00889,West_3,209.687,602.899,F
S00890,West_1,91.407,342.33,M
S00891,South_2,440.024,241.213,M
S00892,Metro,497.876,477.411,M
S00893,South_4,617.731,171.729,F
S00894,North_1,191.397,877.25,M
S00895,North_4,633.593,833.051,F
S00896,East_1,816.97,276.317,F
S00897,East_1,907.588,280.432,M
S00898,South_4,620.768,175.442,M
S00899,West_4,159.096,745.483,F
S00900,North_5,755.923,799.671,M
S00901,North_3,506.071,882.478,M
S00902,Metro,483.719,463.911,M
S00903,South_3,489.473,140.822,F
S00904,East_1,803.1,292.148,F
S00905,West_4,199.101,830.562,M
S00906,North_4,693.824,804.83,M
S00907,East_3,870.469,586.499,M
S00908,West_3,131.264,649.664,F
S00909,East_4,889.314,612.431,M
S00910,North_1,292.415,842.763,M
S00911,North_2,425.772,764.695,M
S00912,West_4,138.78,807.027,F
S00913,South_4,706.932,187.13,M
S00914,East_4,764.371,588.837,M
S00915,East_5,947.687,800.472,M
S00916,South_1,270.901,93.456,F
S00917,West_1,108.294,377.221,M
S00918,South_5,731.168,144.913,F
S00919,West_2,202.013,469.488,M
S00920,South_2,498.493,103.916,F
S00921,Metro,591.504,506.421,M
S00922,North_3,585.61,856.916,M
S00923,South_2,408.958,82.683,F
S00924,North_5,827.878,805.891,M
S00925,North_4,655.585,903.954,M
S00926,North_3,497.254,803.787,M
S00927,West_3,281.827,580.348,F
S00928,East_4,880.194,669.791,F
S00929,North_3,517.054,803.603,F
S00930,South_3,509.385,121.041,F
S00931,East_3,886.856,501.892,F
S00932,South_2,372.709,121.707,M
S00933,East_2,794.141,439.52,F
S00934,North_4,609.448,892.831,F
S00935,South_1,251.893,202.452,F
S00936,West_4,138.73,789.813,F
S00937,East_1,905.24,335.945,M
S00938,West_3,165.6,620.83,M
S00939,South_1,308.563,138.244,M
S00940,West_4,217.248,728.452,F
S00941,West_1,152.851,371.963,F
S00942,East_2,870.865,409.594,M
S00943,South_3,537.92,226.31,F
S00944,North_3,505.394,854.862,F
S00945,East_1,809.446,220.475,M
S00946,West_1,166.846,380.46,M
S00947,West_1,107.803,364.389,M
S00948,West_1,154.035,395.03,M
S00949,North_1,321.355,949.639,F
S00950,South_3,605.856,104.151,M
S00951,Metro,468.499,562.726,F
S00952,West_3,145.285,696.224,M
S00953,South_3,481.718,191.41,M
S00954,East_1,785.033,363.808,F
S00955,South_3,560.038,111.6,F
S00956,West_4,272.959,783.856,F
S00957,North_4,697.196,850.094,M
S00958,North_4,673.583,871.026,M
S00959,East_4,785.37,660.593,M
S00960,South_5,724.318,154.108,M
S00961,East_4,791.503,657.86,M
S00962,East_2,853.6,463.784,M
S00963,West_4,196.385,801.642,M
S00964,East_1,756.596,361.464,M
S00965,West_4,168.479,697.286,M
S00966,North_5,715.149,823.472,F
S00967,North_4,669.503,766.623,M
S00968,East_3,827.795,523.15,F
S00969,Metro,486.035,490.312,F
S00970,South_3,548.488,169.078,F
S00971,West_3,127.832,622.691,M
S00972,West_4,106.273,765.248,M
S00973,South_5,796.807,194.705,M
S00974,West_4,190.137,715.656,F
S00975,South_3,578.237,164.902,M
S00976,Metro,423.486,508.63,F
S00977,East_3,850.882,448.915,M
S00978,South_4,637.824,256.65,M
S00979,South_1,327.976,117.748,M
S00980,North_1,294.785,849.627,M
S00981,East_1,833.418,316.574,F
S00982,South_4,677.179,209.436,F
S00983,South_1,238.451,136.947,F
S00984,Metro,475.717,518.243,F
S00985,North_4,591.779,801.225,F
S00986,East_2,826.867,365.177,M
S00987,West_3,109.693,577.115,F
S00988,West_2,199.644,493.514,F
S00989,West_2,199.504,441.05,M
S00990,North_4,644.521,818.977,M
S00991,West_2,120.025,510.79,M
S00992,North_2,413.243,838.093,M
S00993,East_5,896.282,735.791,F
S00994,East_5,766.116,692.554,M
S00995,East_4,791.988,651.301,F
S00996,North_5,766.391,802.428,M
S00997,East_3,835.476,487.256,M
S00998,Metro,530.91,518.767,F
S00999,South_3,477.74,186.591,M
S01000,West_1,167.772,368.175,F
S01001,East_5,799.545,733.4,F
S01002,Metro,489.813,560.598,M
S01003,South_5,751.422,152.466,M
S01004,South_4,653.685,190.818,F
S01005,South_3,565.054,186.221,F
S01006,West_4,202.746,725.713,F
S01007,Metro,428.85,470.178,F
S01008,Metro,451.653,512.787,M
S01009,South_5,752.829,194.146,M
S01010,East_4,824.93,678.888,F
S01011,East_1,939.863,300.191,M
S01012,South_1,234.783,194.371,F
S01013,North_2,456.519,798.606,F
S01014,North_5,729.42,842.226,M
S01015,East_1,877.823,364.744,F
S01016,North_5,764.975,887.619,F
S01017,North_4,719.29,882.863,F
S01018,East_3,860.023,469.029,M
S01019,West_3,122.969,668.355,F
S01020,East_1,954.678,285.195,F
S01021,South_4,640.025,156.423,F
S01022,South_5,703.562,136.528,F
S01023,West_3,158.061,590.912,M
S01024,East_5,788.357,772.079,M
S01025,East_4,804.934,654.251,F
S01026,East_3,851.543,581.649,M
S01027,South_1,334.861,139.371,M
S01028,East_1,872.156,362.76,F
S01029,South_3,485.04,178.806,M
S01030,Metro,467.694,424.022,F
S01031,West_2,96.663,469.796,M
S01032,North_4,664.774,813.497,M
S01033,North_4,491.876,820.374,F
S01034,West_2,162.117,554.999,M
S01035,South_4,634.221,165.257,F
S01036,South_5,721.293,114.167,F
S01037,South_1,258.287,194.205,F
S01038,South_3,489.418,172.032,M
S01039,East_2,787.071,364.757,F
S01040,South_3,500.854,103.912,F
S01041,West_4,152.875,805.131,M
S01042,West_3,84.393,560.103,F
S01043,East_4,741.228,601.938,M
S01044,North_2,388.342,852.469,F
S01045,East_5,819.394,727.243,F
S01046,West_2,249.242,471.964,F
S01047,South_4,643.926,188.902,M
S01048,East_4,885.059,614.448,M
S01049,North_5,738.907,867.155,F
S01050,East_2,864.643,417.464,M
S01051,North_3,511.079,842.236,F
S01052,South_2,410.602,216.792,M
S01053,North_3,530.72,845.798,F
S01054,West_3,126.711,685.565,F
S01055,East_2,892.42,492.264,M
S01056,East_3,782.959,545.174,F
S01057,East_1,830.218,265.223,F
S01058,South_5,757.792,169.292,F
S01059,South_3,522.643,188.206,M
S01060,East_1,856.269,270.672,F
S01061,South_5,856.529,155.311,F
S01062,South_2,418.011,99.919,M
S01063,West_2,152.234,491.322,F
S01064,South_4,678.131,242.905,F
S01065,West_3,153.359,657.97,M
S01066,East_1,874.151,236.006,F
S01067,South_1,291.363,68.223,F
S01068,North_4,662.17,830.172,M
S01069,East_4,793.507,615.823,F
S01070,North_4,654.252,821.745,M
S01071,North_4,668.53,841.358,F
S01072,East_5,857.772,780.569,F
S01073,North_5,685.725,892.947,F
S01074,Metro,422.39,518.023,F
S01075,North_2,410.091,794.71,F
S01076,West_1,195.702,381.993,M
S01077,West_4,179.978,824.118,M
S01078,North_3,528.874,821.169,F
S01079,South_1,324.975,148.97,M
S01080,East_1,905.599,289.29,F
S01081,Metro,539.456,560.989,M
S01082,South_1,275.692,127.098,M
S01083,West_3,154.428,661.58,F
S01084,South_2,427.95,211.406,M
S01085,South_4,645.145,298.409,F
S01086,East_5,898.419,818.883,M
S01087,North_4,692.46,853.944,M
S01088,North_2,366.975,764.837,M
S01089,North_3,538.827,981.518,F
S01090,West_2,152.691,511.068,F
S01091,South_3,588.799,222.121,F
S01092,East_5,802.533,734.598,F
S01093,North_4,656.128,858.341,F
S01094,South_1,343.816,62.961,M
S01095,North_2,431.173,851.165,F
S01096,East_2,745.386,432.146,F
S01097,West_1,196.398,318.011,F
S01098,West_1,155.062,431.725,F
S01099,North_4,608.769,749.983,M
S01100,East_3,826.63,582.819,M
S01101,North_2,402.706,808.682,M
S01102,North_4,661.002,824.181,M
S01103,North_3,447.77,818.056,F
S01104,East_1,844.579,262.004,F
S01105,North_5,753.534,847.845,M
S01106,East_4,896.55,603.036,F
S01107,West_2,233.373,521.404,F
S01108,West_2,184.281,485.002,F
S01109,East_1,846.595,210.068,M
S01110,Metro,519.721,495.014,M
S01111,East_1,875.421,346.07,M
S01112,East_2,874.435,391.364,F
S01113,West_1,156.025,301.314,F
S01114,East_5,836.076,764.333,M
S01115,East_2,754.151,408.058,F
S01116,Metro,546.529,467.293,F
S01117,West_3,95.688,673.356,F
S01118,East_3,826.203,512.935,F
S01119,South_3,415.965,183.616,M
S01120,East_5,915.22,748.526,M
S01121,Metro,487.83,536.033,M
S01122,North_5,724.333,925.983,F
S01123,West_4,121.629,775.859,M
S01124,North_2,384.59,826.461,F
S01125,South_3,496.494,133.822,F
S01126,North_2,328.676,879.243,M
S01127,East_5,862.384,728.274,M
S01128,East_3,832.301,594.278,F
S01129,North_2,482.533,846.59,F
S01130,West_4,84.875,821.659,M
S01131,West_3,159.541,704.754,M
S01132,East_4,809.875,628.916,M
S01133,South_2,373.249,164.12,M
S01134,North_4,568.404,682.414,F
S01135,West_1,132.592,351.095,F
S01136,South_1,276.128,164.767,M
S01137,South_5,753.331,93.303,F
S01138,North_2,332.416,819.111,M
S01139,West_1,120.312,363.576,F
S01140,East_4,840.685,698.723,M
S01141,North_5,750.134,902.47,M
S01142,North_3,488.265,877.169,M
S01143,South_2,401.721,174.459,F
S01144,North_4,591.011,887.681,F
S01145,East_3,759.852,562.352,M
S01146,North_5,701.818,908.976,M
S01147,North_3,628.381,891.881,M
S01148,West_3,153.192,633.231,M
S01149,South_2,370.246,187.276,M
S01150,North_5,720.556,849.929,F
S01151,East_3,924.274,521.647,M
S01152,South_3,570.731,119.356,F
S01153,North_4,623.159,897.598,F
S01154,North_2,406.72,815.19,F
S01155,East_4,768.312,555.078,F
S01156,West_3,239.811,650.818,F
S01157,North_5,664.726,939.027,M
S01158,West_4,119.604,785.838,M
S01159,North_4,590.196,819.796,M
S01160,North_1,328.894,836.991,F
S01161,South_4,662.908,214.639,F
S01162,South_3,476.722,291.512,F
S01163,West_2,114.971,434.32,M
S01164,Metro,530.546,489.887,F
S01165,West_4,169.351,763.914,F
S01166,East_1,815.059,212.825,M
S01167,South_4,597.441,159.018,F
S01168,West_4,153.121,829.418,M
S01169,East_4,760.354,606.704,M
S01170,West_3,124.523,705.551,M
S01171,South_4,704.885,138.25,M
S01172,South_2,307.399,141.348,M
S01173,North_4,653.459,798.651,M
S01174,West_1,183.943,328.178,F
S01175,South_2,407.695,96.465,F
S01176,North_4,649.086,842.106,M
S01177,West_1,122.963,337.06,M
S01178,East_3,856.238,535.272,M
S01179,East_5,802.412,762.787,F
S01180,East_5,793.194,817.62,F
S01181,South_5,771.619,177.618,F
S01182,West_1,185.532,363.362,F
S01183,North_5,740.627,828.326,M
S01184,North_2,527.569,762.04,F
S01185,East_5,918.001,685.126,F
S01186,South_4,710.854,199.061,F
S01187,East_5,771.219,820.706,M
S01188,East_1,774.57,320.237,M
S01189,West_4,181.503,835.892,M
S01190,East_2,756.813,403.575,M
S01191,North_4,553.182,854.655,F
S01192,South_5,700.198,179.033,M
S01193,East_5,896.303,726.425,F
S01194,North_2,381.67,819.883,M
S01195,South_4,635.498,189.05,F
S01196,East_3,847.969,495.605,F
S01197,North_2,380.792,878.157,M
S01198,East_5,870.81,770.524,F
S01199,East_4,880.646,676.023,M
S01200,South_3,468.704,202.463,F
S01201,East_2,806.185,388.372,M
S01202,North_4,628.913,774.39,F
S01203,West_1,186.038,350.98,M
S01204,North_3,545.524,877.293,F
S01205,North_1,242.126,855.788,M
S01206,East_3,823.561,526.291,F
S01207,South_5,698.005,171.793,M
S01208,South_1,235.168,131.659,M
S01209,North_2,449.077,872.563,M
S01210,North_3,582.896,866.964,F
S01211,South_2,428.409,191.314,M
S01212,North_4,625.814,884.645,M
S01213,Metro,499.822,457.472,M
S01214,North_2,396.847,861.098,F
S01215,West_2,184.593,413.481,M
S01216,South_2,455.985,231.86,F
S01217,South_2,383.539,195.929,M
S01218,East_3,911.29,571.153,M
S01219,South_5,715.565,52.807,F
S01220,South_4,660.118,151.489,F
S01221,Metro,460.308,465.32,F
S01222,East_1,881.305,350.816,F
S01223,Metro,509.916,500.098,M
S01224,West_1,166.477,419.979,F
S01225,South_4,611.008,229.883,M
S01226,North_1,306.05,889.893,M
S01227,South_2,370.218,178.327,M
S01228,North_3,502.417,894.144,M
S01229,West_3,179.375,720.036,F
S01230,West_4,198.964,718.015,F
S01231,North_4,552.651,842.066,F
S01232,South_5,795.478,55.102,M
S01233,West_3,127.94,708.857,F
S01234,East_2,878.654,416.93,F
S01235,West_2,212.056,472.805,M
S01236,South_1,421.575,175.114,M
S01237,East_2,773.474,448.703,F
S01238,East_5,850.502,765.485,F
S01239,North_2,441.063,789.726,F
S01240,North_5,747.911,875.782,M
S01241,West_2,221.694,474.756,M
S01242,West_2,201.527,485.362,F
S01243,Metro,493.966,445.531,F
S01244,North_3,582.931,794.69,M
S01245,North_5,798.394,865.145,M
S01246,North_1,357.487,826.709,M
S01247,South_2,426.107,166.536,F
S01248,North_1,298.426,790.867,M
S01249,South_2,422.792,213.882,F
S01250,West_1,132.924,328.413,M
S01251,South_1,357.562,156.016,M
S01252,North_5,731.773,886.835,M
S01253,Metro,519.569,444.558,M
S01254,North_2,379.006,793.27,F
S01255,North_2,505.659,837.621,M
S01256,North_3,569.765,870.736,M
S01257,East_5,904.181,714.973,F
S01258,East_3,823.269,601.687,M
S01259,Metro,501.818,449.649,M
S01260,North_2,432.513,754.043,M
S01261,South_5,726.658,85.091,F
S01262,South_5,778.714,141.872,F
S01263,West_4,125.649,823.781,F
S01264,West_2,216.556,466.696,M
S01265,North_2,448.974,853.451,M
S01266,South_1,260.829,197.903,M
S01267,South_4,635.235,159.13,M
S01268,West_2,135.415,490.695,F
S01269,North_5,756.05,881.463,F
S01270,South_3,480.469,219.479,F
S01271,West_2,107.263,531.284,M
S01272,North_4,604.288,755.421,F
S01273,North_3,492.13,832.336,M
S01274,West_2,230.3,600.547,M
S01275,East_3,831.103,469.289,F
S01276,South_2,400.174,167.334,M
S01277,West_2,253.862,436.724,M
S01278,West_1,123.746,318.12,F
S01279,South_4,613.793,166.033,F
S01280,South_2,428.673,114.728,F
S01281,East_5,972.976,685.347,M
S01282,East_3,767.894,519.287,F
S01283,North_2,505.943,751.28,M
S01284,East_5,873.259,716.669,F
S01285,West_3,156.486,709.743,F
S01286,East_3,844.074,480.386,F
S01287,East_2,793.31,366.454,M
S01288,East_2,843.538,374.57,F
S01289,North_4,707.006,818.929,M
S01290,North_1,280.046,834.849,F
S01291,East_4,844.01,636.193,M
S01292,East_4,777.122,665.048,F
S01293,East_3,809.651,538.362,F
S01294,South_3,532.185,196.776,M
S01295,East_2,838.902,382.854,F
S01296,South_4,598.765,167.692,M
S01297,East_2,813.831,388.826,F
S01298,Metro,563.816,535.116,F
S01299,South_5,838.339,194.62,M
S01300,South_1,249.723,101.38,M
S01301,East_5,797.544,740.556,M
S01302,West_4,173.533,778.553,F
S01303,East_1,783.149,309.066,F
S01304,South_3,562.23,144.764,M
S01305,North_1,361.246,820.119,F
S01306,North_2,383.0,824.597,M
S01307,East_4,800.916,711.069,M
S01308,South_1,341.394,176.466,F
S01309,South_1,268.037,125.987,F
S01310,North_1,316.307,872.979,M
S01311,East_4,800.898,660.401,M
S01312,South_5,782.34,64.712,F
S01313,Metro,559.278,487.664,M
S01314,West_3,150.806,593.561,F
S01315,North_5,695.362,878.532,M
S01316,East_2,828.205,397.394,F
S01317,West_1,170.333,378.153,F
S01318,South_5,646.7,166.271,M
S01319,South_3,510.944,100.919,M
S01320,East_1,820.929,309.811,F
S01321,South_3,502.811,200.672,M
S01322,North_3,483.756,846.784,F
S01323,East_3,834.276,495.683,F
S01324,South_1,348.48,187.977,F
S01325,South_5,739.854,120.139,M
S01326,East_1,792.614,167.212,F
S01327,East_2,780.391,334.847,M
S01328,South_4,572.414,169.18,F
S01329,North_5,748.878,883.833,M
S01330,East_3,911.614,546.142,M
S01331,Metro,454.336,446.136,M
S01332,North_2,375.417,793.284,M
S01333,West_4,168.481,747.589,F
S01334,East_4,863.971,662.654,F
S01335,West_1,126.283,297.566,F
S01336,South_1,301.959,114.408,M
S01337,South_3,517.139,163.75,F
S01338,North_4,753.678,872.969,M
S01339,East_3,877.764,572.172,M
S01340,East_2,763.615,435.992,M
S01341,West_4,175.468,759.482,M
S01342,North_2,399.034,742.79,M
S01343,West_4,218.2,831.79,M
S01344,East_4,812.801,709.462,F
S01345,East_2,713.782,399.701,F
S01346,South_5,695.242,191.211,M
S01347,East_2,931.708,412.322,F
S01348,North_3,389.277,824.39,F
S01349,East_5,803.36,792.215,M
S01350,South_3,549.807,117.322,F
S01351,West_1,142.466,389.374,M
S01352,Metro,479.829,467.889,F
S01353,West_4,151.055,748.936,M
S01354,West_4,153.019,791.08,M
S01355,North_4,628.597,760.753,F
S01356,South_4,657.146,117.693,F
S01357,East_1,879.822,252.573,M
S01358,North_1,369.37,882.333,M
S01359,South_4,655.631,243.657,F
S01360,Metro,538.256,459.364,M
S01361,Metro,524.202,505.71,M
S01362,South_5,766.992,143.212,M
S01363,North_1,229.411,782.772,M
S01364,South_5,783.762,202.859,M
S01365,North_3,473.527,820.03,M
S01366,West_2,106.468,536.764,F
S01367,South_2,468.269,171.091,M
S01368,South_2,440.402,173.143,M
S01369,East_3,843.317,544.613,M
S01370,West_1,171.3,397.644,M
S01371,South_5,766.583,144.16,M
S01372,West_2,150.518,467.725,M
S01373,North_1,289.938,855.415,M
S01374,Metro,483.785,441.819,F
S01375,South_4,667.334,107.54,M
S01376,North_5,720.048,812.845,F
S01377,North_5,786.513,916.418,M
S01378,East_5,840.276,742.496,F
S01379,South_3,557.976,150.947,M
S01380,Metro,561.844,490.917,M
S01381,South_5,733.464,128.064,M
S01382,North_4,659.754,754.491,F
S01383,East_1,909.686,380.885,M
S01384,East_4,809.497,686.9,F
S01385,East_3,893.111,493.504,M
S01386,West_1,174.929,347.271,M
S01387,South_5,826.253,213.67,F
S01388,East_3,841.237,551.608,F
S01389,North_5,779.913,875.645,M
S01390,West_1,179.871,328.145,M
S01391,North_2,397.057,812.335,F
S01392,North_3,569.577,833.296,F
S01393,South_3,496.469,157.759,F
S01394,Metro,506.943,522.424,M
S01395,South_1,333.587,182.378,F
S01396,North_4,587.941,898.097,M
S01397,West_2,139.958,452.819,M
S01398,East_2,789.259,399.42,F
S01399,West_3,1.897,650.053,F
S01400,West_3,136.727,711.602,M
S01401,South_1,265.767,162.814,M
S01402,West_4,217.561,752.075,M
S01403,North_1,219.314,869.117,M
S01404,South_4,575.442,230.519,M
S01405,South_5,758.429,207.44,M
S01406,East_5,828.72,772.472,F
S01407,South_2,398.23,164.294,F
S01408,East_4,846.26,682.434,M
S01409,Metro,476.051,505.549,F
S01410,North_4,683.698,774.366,M
S01411,West_3,235.984,680.923,F
S01412,East_1,833.287,367.042,M
S01413,West_2,261.069,545.206,M
S01414,East_1,891.147,272.062,M
S01415,North_3,483.477,901.748,F
S01416,South_3,483.027,93.602,M
S01417,North_3,496.489,903.258,F
S01418,West_1,151.303,268.914,M
S01419,West_1,152.703,320.536,F
S01420,East_1,841.672,302.011,F
S01421,South_3,470.166,154.757,M
S01422,South_5,672.613,133.26,F
S01423,South_5,709.497,199.602,M
S01424,North_4,654.347,807.187,F
S01425,West_4,153.083,889.472,M
S01426,North_4,659.413,836.48,M
S01427,West_4,117.311,771.805,F
S01428,South_4,597.036,85.0,F
S01429,South_3,464.25,172.364,F
S01430,North_4,720.211,831.178,F
S01431,South_4,604.293,234.142,F
S01432,East_1,827.101,247.241,F
S01433,South_5,667.252,110.545,F
S01434,North_4,636.746,871.682,F
S01435,West_1,190.159,372.305,F
S01436,Metro,480.421,481.928,F
S01437,North_4,671.918,882.995,M
S01438,North_4,746.431,916.135,M
S01439,South_5,734.171,172.272,M
S01440,East_4,845.222,636.495,F
S01441,East_2,839.901,442.52,M
S01442,South_4,614.776,180.092,F
S01443,Metro,566.377,599.075,F
S01444,East_4,792.968,731.842,M
S01445,West_2,166.328,399.203,F
S01446,East_5,843.881,659.037,M
S01447,East_4,827.485,646.757,M
S01448,South_5,767.656,158.311,M
S01449,East_3,873.356,628.802,F
S01450,North_5,830.767,898.907,M
S01451,Metro,458.826,532.178,M
S01452,West_4,163.638,799.511,F
S01453,South_3,499.312,176.397,F
S01454,South_2,355.598,199.364,M
S01455,East_5,722.612,803.397,F
S01456,South_1,335.911,37.854,F
S01457,West_1,76.63,403.894,M
S01458,North_3,480.906,981.883,F
S01459,North_2,483.232,801.244,M
S01460,North_1,271.871,827.465,M
S01461,East_2,801.337,336.842,M
S01462,North_5,773.388,822.66,F
S01463,North_1,334.35,779.246,F
S01464,East_1,852.956,262.975,M
S01465,North_4,620.042,881.202,F
S01466,North_3,506.315,822.988,M
S01467,East_1,842.164,263.821,M
S01468,West_1,30.586,365.218,F
S01469,East_2,736.965,373.711,F
S01470,Metro,518.093,460.446,M
S01471,West_3,158.136,653.341,F
S01472,South_5,740.236,110.339,M
S01473,South_1,208.184,198.073,F
S01474,North_2,393.376,882.044,M
S01475,East_1,857.953,266.521,M
S01476,East_3,874.757,559.455,F
S01477,West_3,134.866,605.047,F
S01478,North_2,336.589,779.614,M
S01479,North_3,509.669,931.65,F
S01480,South_3,542.718,138.879,M
S01481,East_1,894.294,225.169,M
S01482,South_4,659.358,168.72,M
S01483,Metro,461.436,504.99,F
S01484,North_3,400.455,902.565,F
S01485,North_4,614.959,889.99,M
S01486,North_5,770.509,835.47,M
S01487,South_2,441.653,302.772,F
S01488,East_5,858.841,737.309,F
S01489,West_1,170.733,365.674,M
S01490,South_5,766.236,142.723,F
S01491,East_4,822.247,561.444,M
S01492,East_3,875.714,588.784,M
S01493,North_2,470.811,731.553,F
S01494,South_3,573.107,88.091,M
S01495,East_1,930.721,329.67,M
S01496,East_1,830.239,181.511,M
S01497,West_4,61.975,751.958,M
S01498,Metro,577.114,457.907,F
S01499,South_3,484.005,124.207,M
S01500,North_4,613.088,854.775,M
S01501,East_1,791.306,336.794,F
S01502,North_3,543.711,870.542,F
S01503,East_5,842.868,750.448,F
S01504,East_1,817.745,327.936,F
S01505,East_5,872.44,727.931,F
S01506,South_1,312.894,127.04,M
S01507,West_4,214.443,679.27,F
S01508,North_4,692.345,819.58,M
S01509,South_4,573.076,170.406,M
S01510,North_3,476.21,890.157,M
S01511,West_1,171.343,342.885,F
S01512,Metro,468.023,551.359,F
S01513,North_3,563.027,793.475,F
S01514,West_1,156.051,299.912,F
S01515,South_3,469.906,54.561,F
S01516,East_1,884.784,334.603,M
S01517,South_1,231.693,151.085,M
S01518,North_1,288.508,770.491,F
S01519,East_4,863.517,632.285,F
S01520,North_4,625.408,805.953,M
S01521,East_4,768.023,633.451,F
S01522,North_5,727.591,810.528,F
S01523,East_2,840.49,357.753,M
S01524,Metro,546.806,509.417,M
S01525,South_3,507.745,190.18,F
S01526,North_1,324.291,914.196,F
S01527,West_4,204.535,820.981,F
S01528,East_5,833.407,756.706,F
S01529,East_4,796.837,586.126,F
S01530,East_2,828.462,422.675,F
S01531,East_1,916.298,283.654,F
S01532,West_1,146.56,375.649,M
S01533,North_3,470.26,915.992,M
S01534,West_1,118.887,328.827,F
S01535,South_3,498.852,182.694,M
S01536,South_1,258.972,101.647,M
S01537,West_3,170.651,658.085,F
S01538,North_1,269.178,815.545,F
S01539,South_1,275.041,93.495,F
S01540,South_3,479.724,187.312,F
S01541,North_3,506.539,818.705,F
S01542,North_4,603.614,933.142,M
S01543,East_1,900.449,230.189,M
S01544,South_1,438.676,194.232,F
S01545,West_2,99.681,420.112,M
S01546,East_3,846.49,582.551,F
S01547,South_4,629.682,194.716,F
S01548,East_1,834.514,358.173,F
S01549,North_5,703.483,891.303,F
S01550,East_4,731.284,612.669,M
S01551,East_2,846.56,522.032,F
S01552,South_1,241.994,87.601,F
S01553,Metro,497.685,484.356,M
S01554,South_3,540.399,170.575,F
S01555,West_3,74.553,687.707,M
S01556,East_4,840.111,610.791,F
S01557,East_4,817.529,700.97,F
S01558,North_5,761.272,863.628,F
S01559,South_5,710.193,132.317,M
S01560,North_5,753.444,865.833,F
S01561,East_4,859.485,718.695,F
S01562,West_2,270.112,532.652,F
S01563,East_3,919.925,453.352,F
S01564,West_4,135.712,697.396,F
S01565,Metro,496.008,475.556,M
S01566,East_2,797.182,409.964,F
S01567,East_1,906.371,327.714,F
S01568,South_2,371.395,157.389,M
S01569,Metro,504.27,520.958,M
S01570,Metro,467.989,512.796,M
S01571,East_1,777.589,372.699,F
S01572,East_2,786.577,415.325,F
S01573,West_4,219.43,763.514,F
S01574,West_2,296.41,515.505,M
S01575,West_3,93.927,548.853,M
S01576,South_1,246.901,192.572,F
S01577,West_4,157.966,728.864,M
S01578,West_3,74.554,703.645,F
S01579,Metro,533.123,481.224,M
S01580,South_2,426.876,159.447,F
S01581,East_4,875.794,587.253,F
S01582,West_2,177.234,518.179,F
S01583,South_5,681.268,194.89,F
S01584,West_4,215.853,704.107,F
S01585,East_1,818.516,344.004,F
S01586,South_5,769.504,152.517,M
S01587,East_3,861.204,501.463,F
S01588,North_5,734.846,910.38,M
S01589,North_4,521.647,807.787,M
S01590,West_3,118.645,566.592,F
S01591,South_5,771.874,132.806,M
S01592,East_5,892.423,683.528,M
S01593,North_2,379.692,853.266,F
S01594,Metro,523.981,478.68,M
S01595,Metro,461.949,449.581,M
S01596,Metro,522.34,566.288,M
S01597,North_2,365.049,778.837,M
S01598,North_2,336.323,900.542,M
S01599,North_1,218.484,842.468,F
S01600,West_3,117.934,641.179,M
S01601,North_4,690.808,760.083,F
S01602,West_1,114.724,392.272,M
S01603,East_3,891.687,523.895,M
S01604,South_4,618.785,193.741,F
S01605,Metro,504.488,549.074,M
S01606,South_3,505.005,104.371,M
S01607,South_5,839.204,61.946,F
S01608,East_5,838.867,686.213,F
S01609,North_2,396.212,814.839,M
S01610,South_5,717.551,198.719,M
S01611,North_1,250.948,853.742,F
S01612,East_4,884.042,710.149,M
S01613,East_2,816.558,463.159,F
S01614,West_4,206.568,808.985,F
S01615,North_3,535.041,864.061,M
S01616,East_1,891.042,288.913,F
S01617,Metro,481.079,590.15,F
S01618,East_1,830.148,305.611,F
S01619,West_1,201.231,431.704,F
S01620,North_2,429.344,846.146,M
S01621,South_5,781.096,193.225,M
S01622,Metro,511.652,494.265,F
S01623,Metro,453.808,481.424,M
S01624,West_3,165.494,622.838,M
S01625,North_5,736.83,938.463,F
S01626,East_2,803.859,383.421,M
S01627,East_1,812.84,274.906,M
S01628,South_1,274.972,150.238,F
S01629,North_1,266.559,793.243,F
S01630,South_3,544.233,140.824,F
S01631,North_4,714.047,861.354,F
S01632,South_5,813.059,133.212,M
S01633,South_2,470.433,197.084,F
S01634,South_2,401.523,107.225,M
S01635,North_5,816.644,874.466,F
S01636,West_2,177.794,443.4,F
S01637,North_2,408.918,853.328,F
S01638,North_2,426.094,798.522,F
S01639,South_1,296.054,84.441,M
S01640,South_2,433.174,110.321,F
S01641,West_4,146.222,754.301,M
S01642,West_3,97.972,635.855,F
S01643,South_5,711.458,131.786,F
S01644,West_2,143.755,468.501,F
S01645,North_2,289.309,809.859,M
S01646,East_4,796.452,538.737,M
S01647,South_1,204.379,187.633,F
S01648,South_2,477.998,173.221,F
S01649,West_3,112.733,634.555,M
S01650,East_2,866.884,383.181,F
S01651,South_4,569.931,195.821,F
S01652,South_3,458.866,110.569,M
S01653,North_3,510.068,830.947,M
S01654,West_3,194.816,653.099,F
S01655,South_2,397.728,105.268,F
S01656,East_3,843.898,641.868,M
S01657,North_5,867.603,915.275,F
S01658,West_3,193.677,674.468,M
S01659,South_4,705.493,185.488,F
S01660,East_5,934.385,669.155,F
S01661,South_2,434.079,122.516,F
S01662,West_2,200.663,512.686,M
S01663,North_3,643.873,866.904,M
S01664,North_5,716.232,802.6,F
S01665,West_3,185.183,596.472,M
S01666,South_2,360.333,191.619,M
S01667,North_3,585.303,812.57,F
S01668,Metro,412.226,515.894,M
S01669,North_5,677.727,818.975,M
S01670,South_2,479.752,232.483,F
S01671,Metro,542.716,440.119,F
S01672,North_1,251.37,886.833,F
S01673,North_5,763.185,858.283,F
S01674,East_2,812.72,474.646,F
S01675,North_3,478.473,809.8,F
S01676,East_5,891.775,759.835,M
S01677,South_5,705.431,170.31,F
S01678,West_4,223.163,723.223,F
S01679,North_3,505.896,923.321,F
S01680,West_3,115.95,575.094,F
S01681,West_2,215.121,447.992,F
S01682,East_5,899.286,781.64,M
S01683,North_5,738.66,842.202,F
S01684,Metro,467.11,501.297,M
S01685,Metro,477.906,527.125,M
S01686,North_4,673.804,778.856,M
S01687,South_2,434.341,201.181,M
S01688,East_1,933.825,291.86,M
S01689,West_1,60.277,326.404,M
S01690,East_5,898.255,733.516,F
S01691,Metro,504.418,378.075,M
S01692,West_2,200.506,505.536,M
S01693,West_3,172.295,626.044,F
S01694,East_5,858.97,702.289,M
S01695,North_4,585.461,882.861,M
S01696,West_3,106.719,657.417,M
S01697,South_1,309.932,111.686,M
S01698,North_2,357.51,874.209,F
S01699,East_3,857.151,600.247,F
S01700,West_2,210.818,536.311,F
S01701,West_4,231.761,763.841,F
S01702,Metro,427.8,527.241,M
S01703,North_2,359.505,937.082,M
S01704,South_4,630.307,187.689,M
S01705,West_4,239.446,802.595,F
S01706,South_4,692.664,134.029,F
S01707,East_5,838.896,793.067,F
S01708,West_4,160.498,763.784,F
S01709,South_5,770.697,204.2,F
S01710,East_5,914.742,704.089,F
S01711,West_1,163.844,347.158,F
S01712,South_4,622.001,89.122,F
S01713,North_5,716.168,852.147,F
S01714,West_1,155.734,369.038,F
S01715,North_5,765.957,783.371,M
S01716,West_1,168.994,330.719,F
S01717,North_3,529.416,747.918,F
S01718,South_2,405.922,130.727,M
S01719,West_2,237.972,495.987,M
S01720,South_3,508.019,227.026,M
S01721,East_5,821.313,750.816,F
S01722,East_1,882.595,368.104,F
S01723,North_3,504.832,772.948,M
S01724,North_2,388.842,830.8,M
S01725,South_5,717.524,190.265,F
S01726,West_3,94.757,607.654,F
S01727,East_5,924.109,731.494,F
S01728,West_2,194.458,518.482,F
S01729,North_3,499.698,768.87,M
S01730,East_5,843.864,758.202,M
S01731,Metro,424.472,581.108,F
S01732,North_3,499.597,882.193,M
S01733,North_3,510.254,896.019,F
S01734,East_1,861.379,270.912,F
S01735,North_2,484.291,761.813,M
S01736,North_4,639.811,817.098,F
S01737,North_2,459.533,834.284,F
S01738,East_2,883.565,363.993,F
S01739,West_3,162.057,619.222,M
S01740,East_1,807.274,306.955,F
S01741,North_4,637.301,800.722,F
S01742,South_3,558.164,125.983,M
S01743,Metro,556.594,453.207,M
S01744,West_3,134.427,583.481,F
S01745,East_2,861.048,450.424,M
S01746,Metro,426.841,480.314,M
S01747,West_1,141.266,359.855,M
S01748,Metro,495.228,530.174,F
S01749,North_2,371.321,811.725,M
S01750,East_1,892.527,278.437,M
S01751,South_4,664.999,149.645,F
S01752,North_2,465.767,812.879,F
S01753,North_3,524.32,874.49,F
S01754,Metro,493.199,485.87,F
S01755,North_4,631.348,783.145,M
S01756,South_2,375.99,200.747,F
S01757,Metro,511.856,491.329,M
S01758,West_1,105.03,333.011,F
S01759,Metro,495.237,539.107,F
S01760,North_2,472.714,831.517,M
S01761,South_1,360.708,134.65,M
S01762,West_1,136.482,341.008,F
S01763,South_5,785.151,106.392,M
S01764,South_3,603.213,142.76,F
S01765,Metro,487.633,495.534,F
S01766,Metro,452.475,454.959,M
S01767,North_1,342.188,834.052,F
S01768,West_3,119.447,668.636,M
S01769,East_3,841.298,524.11,M
S01770,South_2,391.757,194.095,M
S01771,East_5,947.352,754.316,M
S01772,East_3,892.992,514.585,F
S01773,East_4,890.008,630.995,F
S01774,South_1,335.91,145.619,F
S01775,Metro,452.825,587.816,M
S01776,East_4,871.196,640.659,M
S01777,East_4,738.285,689.608,F
S01778,West_1,73.085,341.211,M
S01779,East_2,884.649,358.254,F
S01780,East_4,770.336,705.72,F
S01781,South_3,568.701,80.314,M
S01782,North_3,504.763,876.421,M
S01783,North_5,791.281,859.533,F
S01784,North_4,665.504,762.342,M
S01785,North_5,712.295,856.662,F
S01786,East_1,837.512,236.122,M
S01787,North_5,774.531,814.244,F
S01788,East_2,763.031,412.145,M
S01789,North_2,421.43,831.906,F
S01790,Metro,557.129,426.806,F
S01791,North_4,578.896,694.316,F
S01792,East_5,857.089,753.113,F
S01793,East_4,833.757,634.858,F
S01794,South_4,675.997,178.893,F
S01795,East_1,841.663,293.548,M
S01796,North_1,343.35,827.78,F
S01797,North_1,301.341,872.477,M
S01798,Metro,510.499,568.023,M
S01799,West_4,193.175,817.996,M
S01800,East_3,897.245,554.385,M
S01801,East_3,826.529,496.061,F
S01802,South_1,182.91,168.783,M
S01803,West_2,147.174,495.921,M
S01804,West_1,94.104,307.796,F
S01805,East_2,833.679,418.152,M
S01806,South_3,578.336,105.924,M
S01807,North_2,414.883,805.705,F
S01808,North_2,384.679,768.26,F
S01809,West_3,99.156,676.125,F
S01810,North_5,701.441,816.305,M
S01811,South_5,708.625,160.608,M
S01812,South_2,482.683,149.939,F
S01813,East_1,836.678,283.722,M
S01814,East_3,927.385,557.707,M
S01815,West_4,217.712,818.18,F
S01816,South_4,632.251,131.815,M
S01817,North_3,547.625,861.43,F
S01818,East_1,830.478,260.476,M
S01819,North_4,625.139,858.468,F
S01820,Metro,434.515,492.695,M
S01821,North_2,324.636,816.185,M
S01822,South_4,650.121,208.34,M
S01823,West_2,143.652,556.06,F
S01824,East_3,826.135,576.622,F
S01825,East_3,831.64,538.093,F
S01826,West_4,224.569,751.928,M
S01827,East_4,802.382,592.73,M
S01828,North_5,744.255,744.399,F
S01829,West_2,147.637,531.994,M
S01830,South_3,534.939,154.965,M
S01831,North_3,465.833,878.251,F
S01832,North_1,324.36,860.541,M
S01833,North_5,752.902,882.77,M
S01834,North_4,725.789,831.656,M
S01835,North_1,275.666,815.564,M
S01836,South_2,422.281,228.129,F
S01837,West_2,123.123,409.234,F
S01838,West_4,203.044,790.037,M
S01839,West_2,195.717,540.954,F
S01840,South_2,352.18,207.412,M
S01841,West_1,74.623,313.922,F
S01842,West_2,173.018,513.15,F
S01843,West_3,220.421,544.974,F
S01844,North_5,799.261,879.845,M
S01845,North_4,568.964,880.196,F
S01846,East_1,816.337,303.829,F
S01847,East_1,743.245,306.772,F
S01848,South_1,212.582,209.135,M
S01849,North_5,793.982,824.718,M
S01850,South_4,607.501,268.521,M
S01851,Metro,459.984,540.468,M
S01852,West_1,134.799,412.264,M
S01853,East_3,793.793,538.579,F
S01854,South_5,715.743,167.724,F
S01855,South_2,389.075,199.071,M
S01856,South_1,381.074,194.464,F
S01857,West_3,85.563,634.81,F
S01858,Metro,514.109,510.037,M
S01859,East_2,786.105,468.347,F
S01860,South_2,437.332,117.448,F
S01861,North_4,620.542,805.095,F
S01862,North_1,269.414,934.64,F
S01863,Metro,533.066,431.812,M
S01864,South_5,679.086,143.955,M
S01865,West_3,160.129,711.424,M
S01866,South_5,676.373,142.156,F
S01867,East_5,777.598,774.149,F
S01868,West_3,53.205,686.448,F
S01869,North_5,700.281,872.79,F
S01870,North_3,551.96,827.613,M
S01871,East_1,832.176,259.604,M
S01872,South_4,622.038,137.94,F
S01873,South_2,488.103,191.486,M
S01874,North_4,678.521,808.186,F
S01875,Metro,512.711,542.948,F
S01876,North_4,685.334,856.855,F
S01877,East_4,810.71,665.986,M
S01878,North_1,275.518,806.663,M
S01879,North_5,792.72,831.507,M
S01880,North_5,745.776,840.552,M
S01881,South_3,564.934,152.776,F
S01882,South_4,663.614,178.454,F
S01883,South_5,856.806,196.943,M
S01884,North_3,538.162,901.033,F
S01885,North_4,605.448,802.37,M
S01886,East_1,840.62,261.863,M
S01887,Metro,420.873,528.077,M
S01888,East_1,933.218,245.569,F
S01889,South_5,774.079,154.782,F
S01890,South_3,568.864,83.351,F
S01891,East_3,865.277,499.036,M
S01892,North_4,604.643,787.732,F
S01893,West_4,203.697,833.325,F
S01894,East_5,945.19,780.384,M
S01895,South_1,269.08,123.055,M
S01896,East_5,849.567,723.975,F
S01897,South_4,641.703,157.186,F
S01898,North_2,470.584,867.131,F
S01899,South_4,655.644,206.391,M
S01900,South_5,817.098,180.759,F
S01901,South_3,522.751,61.472,F
S01902,North_1,294.731,925.716,M
S01903,South_2,409.569,128.179,M
S01904,North_2,370.753,760.642,F
S01905,North_3,561.989,776.939,M
S01906,West_3,128.007,622.496,M
S01907,East_2,806.004,421.453,M
S01908,East_4,844.147,674.818,M
S01909,East_5,898.337,720.364,F
S01910,East_5,897.513,684.637,M
S01911,South_4,634.709,193.786,M
S01912,North_2,388.32,841.037,M
S01913,South_3,526.417,169.65,F
S01914,North_1,378.059,862.62,M
S01915,North_5,814.358,800.842,M
S01916,East_5,906.893,769.728,F
S01917,South_2,365.956,134.956,F
S01918,Metro,522.643,521.48,F
S01919,South_2,475.27,186.168,M
S01920,South_4,623.923,184.26,F
S01921,East_4,808.577,652.322,M
S01922,South_4,645.825,127.37,M
S01923,East_5,881.071,656.696,M
S01924,South_1,327.994,172.346,F
S01925,East_4,888.185,628.041,F
S01926,North_4,645.049,751.539,F
S01927,North_2,508.627,830.982,F
S01928,South_3,504.231,124.703,M
S01929,North_5,683.603,790.972,F
S01930,North_5,724.715,869.602,M
S01931,North_2,383.387,846.772,M
S01932,South_3,504.177,124.163,F
S01933,West_1,132.76,391.98,M
S01934,East_1,919.388,285.864,F
S01935,West_1,159.615,432.482,F
S01936,North_5,659.977,831.04,M
S01937,West_2,169.429,469.88,F
S01938,East_1,880.725,352.988,M
S01939,West_3,176.625,652.526,M
S01940,Metro,519.585,519.724,M
S01941,North_5,818.761,889.101,F
S01942,North_4,655.301,864.723,M
S01943,South_2,305.413,125.528,M
S01944,South_1,298.59,131.976,F
S01945,South_4,663.99,222.222,F
S01946,West_1,183.855,287.587,M
S01947,West_1,133.158,368.264,F
S01948,East_3,896.563,584.375,F
S01949,South_3,512.377,184.486,F
S01950,North_2,443.099,858.341,M
S01951,West_4,269.473,782.351,F
S01952,East_1,950.4,246.912,F
S01953,South_3,477.658,274.551,M
S01954,South_4,738.537,204.527,F
S01955,Metro,539.951,565.068,F
S01956,West_1,150.413,318.339,F
S01957,East_4,809.509,651.431,F
S01958,Metro,496.984,466.609,M
S01959,West_4,134.602,833.895,M
S01960,East_5,833.591,727.28,F
S01961,Metro,520.394,527.116,M
S01962,North_1,303.502,790.85,F
S01963,South_4,557.06,130.13,M
S01964,West_4,203.958,820.993,F
S01965,East_1,763.132,275.552,F
S01966,West_1,151.582,257.767,M
S01967,North_3,452.799,819.566,M
S01968,South_1,313.804,222.341,F
S01969,North_1,320.681,900.621,M
S01970,North_2,391.829,768.188,F
S01971,West_1,170.854,398.293,M
S01972,North_5,800.424,954.741,F
S01973,East_2,827.023,439.312,M
S01974,West_2,225.854,619.945,F
S01975,South_5,773.485,138.748,M
S01976,North_2,429.937,831.91,M
S01977,South_3,480.947,123.705,M
S01978,North_1,283.687,966.583,M
S01979,North_2,404.62,819.24,F
S01980,Metro,459.776,506.83,F
S01981,South_2,392.873,142.471,F
S01982,West_2,242.037,475.884,F
S01983,East_3,945.334,510.87,M
S01984,North_1,326.341,821.852,M
S01985,North_1,334.65,893.615,M
S01986,South_3,476.424,105.322,F
S01987,East_1,853.095,291.989,F
S01988,North_1,286.207,865.6,F
S01989,East_4,825.342,691.53,M
S01990,South_3,624.458,109.958,F
S01991,Metro,560.883,423.612,F
S01992,South_2,418.462,203.54,M
S01993,North_3,536.05,818.528,F
S01994,North_4,618.945,827.388,M
S01995,South_1,346.827,244.884,M
S01996,North_3,535.95,854.543,F
S01997,West_4,183.248,748.414,F
S01998,East_4,883.974,619.88,M
S01999,Metro,465.01,461.034,F
S02000,West_3,219.793,608.107,M
